-- phpMyAdmin SQL Dump
-- version 4.8.5
-- https://www.phpmyadmin.net/
--
-- Host: localhost
-- Generation Time: Sep 24, 2019 at 07:27 AM
-- Server version: 10.1.38-MariaDB
-- PHP Version: 7.2.17

SET SQL_MODE = "NO_AUTO_VALUE_ON_ZERO";
SET AUTOCOMMIT = 0;
START TRANSACTION;
SET time_zone = "+00:00";


/*!40101 SET @OLD_CHARACTER_SET_CLIENT=@@CHARACTER_SET_CLIENT */;
/*!40101 SET @OLD_CHARACTER_SET_RESULTS=@@CHARACTER_SET_RESULTS */;
/*!40101 SET @OLD_COLLATION_CONNECTION=@@COLLATION_CONNECTION */;
/*!40101 SET NAMES utf8mb4 */;

--
-- Database: `RH`
--

-- --------------------------------------------------------

--
-- Table structure for table `countries`
--

CREATE TABLE `countries` (
  `country_id` char(2) NOT NULL,
  `country_name` varchar(40) DEFAULT NULL,
  `region_id` decimal(22,0) DEFAULT NULL
) ENGINE=InnoDB DEFAULT CHARSET=utf8;

--
-- Dumping data for table `countries`
--

INSERT INTO `countries` (`country_id`, `country_name`, `region_id`) VALUES
('AR', 'Argentina', '2'),
('AU', 'Australia', '3'),
('BE', 'Belgium', '1'),
('BR', 'Brazil', '2'),
('CA', 'Canada', '2'),
('CH', 'Switzerland', '1'),
('CN', 'China', '3'),
('DE', 'Germany', '1'),
('DK', 'Denmark', '1'),
('EG', 'Egypt', '4'),
('FR', 'France', '1'),
('IL', 'Israel', '4'),
('IN', 'India', '3'),
('IT', 'Italy', '1'),
('JP', 'Japan', '3'),
('KW', 'Kuwait', '4'),
('ML', 'Malaysia', '3'),
('MX', 'Mexico', '2'),
('NG', 'Nigeria', '4'),
('NL', 'Netherlands', '1'),
('SG', 'Singapore', '3'),
('UK', 'United Kingdom', '1'),
('US', 'United States of America', '2'),
('ZM', 'Zambia', '4'),
('ZW', 'Zimbabwe', '4');

-- --------------------------------------------------------

--
-- Table structure for table `departments`
--

CREATE TABLE `departments` (
  `department_id` decimal(4,0) NOT NULL,
  `department_name` varchar(30) DEFAULT NULL,
  `manager_id` decimal(6,0) DEFAULT NULL,
  `location_id` decimal(4,0) NOT NULL
) ENGINE=InnoDB DEFAULT CHARSET=utf8;

--
-- Dumping data for table `departments`
--

INSERT INTO `departments` (`department_id`, `department_name`, `manager_id`, `location_id`) VALUES
('10', 'Administration', '200', '1700'),
('20', 'Marketing', '201', '1800'),
('30', 'Purchasing', '114', '1700'),
('40', 'Human Resources', '203', '2400'),
('50', 'Shipping', '121', '1500'),
('60', 'IT', '103', '1400'),
('70', 'Public Relations', '204', '2700'),
('80', 'Sales', '145', '2500'),
('90', 'Executive', '100', '1700'),
('100', 'Finance', '108', '1700'),
('110', 'Accounting', '205', '1700'),
('120', 'Treasury', NULL, '1700'),
('130', 'Corporate Tax', NULL, '1700'),
('140', 'Control And Credit', NULL, '1700'),
('150', 'Shareholder Services', NULL, '1700'),
('160', 'Benefits', NULL, '1700'),
('170', 'Manufacturing', NULL, '1700'),
('180', 'Construction', NULL, '1700'),
('190', 'Contracting', NULL, '1700'),
('200', 'Operations', NULL, '1700'),
('210', 'IT Support', NULL, '1700'),
('220', 'NOC', NULL, '1700'),
('230', 'IT Helpdesk', NULL, '1700'),
('240', 'Government Sales', NULL, '1700'),
('250', 'Retail Sales', NULL, '1700'),
('260', 'Recruiting', NULL, '1700'),
('270', 'Payroll', NULL, '1700');

-- --------------------------------------------------------

--
-- Table structure for table `employees`
--

CREATE TABLE `employees` (
  `employee_id` decimal(6,0) NOT NULL,
  `first_name` varchar(20) DEFAULT NULL,
  `last_name` varchar(25) DEFAULT NULL,
  `email` varchar(25) DEFAULT NULL,
  `phone_number` varchar(20) DEFAULT NULL,
  `hire_date` date DEFAULT NULL,
  `job_id` varchar(10) DEFAULT NULL,
  `salary` decimal(8,2) DEFAULT NULL,
  `commission_pct` decimal(2,2) DEFAULT NULL,
  `manager_id` decimal(6,0) DEFAULT NULL,
  `department_id` decimal(4,0) DEFAULT NULL
) ENGINE=InnoDB DEFAULT CHARSET=utf8;

--
-- Dumping data for table `employees`
--

INSERT INTO `employees` (`employee_id`, `first_name`, `last_name`, `email`, `phone_number`, `hire_date`, `job_id`, `salary`, `commission_pct`, `manager_id`, `department_id`) VALUES
('100', 'Steven', 'King', 'SKING', '515.123.4567', '0000-00-00', 'AD_PRES', '24000.00', NULL, NULL, '90'),
('101', 'Neena', 'Kochhar', 'NKOCHHAR', '515.123.4568', '0000-00-00', 'AD_VP', '17000.00', NULL, '100', '90'),
('102', 'Lex', 'De Haan', 'LDEHAAN', '515.123.4569', '0000-00-00', 'AD_VP', '17000.00', NULL, '100', '90'),
('103', 'Alexander', 'Hunold', 'AHUNOLD', '590.423.4567', '0000-00-00', 'IT_PROG', '9000.00', NULL, '102', '60'),
('104', 'Bruce', 'Ernst', 'BERNST', '590.423.4568', '0000-00-00', 'IT_PROG', '6000.00', NULL, '103', '60'),
('105', 'David', 'Austin', 'DAUSTIN', '590.423.4569', '0000-00-00', 'IT_PROG', '4800.00', NULL, '103', '60'),
('106', 'Valli', 'Pataballa', 'VPATABAL', '590.423.4560', '0000-00-00', 'IT_PROG', '4800.00', NULL, '103', '60'),
('107', 'Diana', 'Lorentz', 'DLORENTZ', '590.423.5567', '0000-00-00', 'IT_PROG', '4200.00', NULL, '103', '60'),
('108', 'Nancy', 'Greenberg', 'NGREENBE', '515.124.4569', '0000-00-00', 'FI_MGR', '12008.00', NULL, '101', '100'),
('109', 'Daniel', 'Faviet', 'DFAVIET', '515.124.4169', '0000-00-00', 'FI_ACCOUNT', '9000.00', NULL, '108', '100'),
('110', 'John', 'Chen', 'JCHEN', '515.124.4269', '0000-00-00', 'FI_ACCOUNT', '8200.00', NULL, '108', '100'),
('111', 'Ismael', 'Sciarra', 'ISCIARRA', '515.124.4369', '0000-00-00', 'FI_ACCOUNT', '7700.00', NULL, '108', '100'),
('112', 'Jose Manuel', 'Urman', 'JMURMAN', '515.124.4469', '0000-00-00', 'FI_ACCOUNT', '7800.00', NULL, '108', '100'),
('113', 'Luis', 'Popp', 'LPOPP', '515.124.4567', '0000-00-00', 'FI_ACCOUNT', '6900.00', NULL, '108', '100'),
('114', 'Den', 'Raphaely', 'DRAPHEAL', '515.127.4561', '0000-00-00', 'PU_MAN', '11000.00', NULL, '100', '30'),
('115', 'Alexander', 'Khoo', 'AKHOO', '515.127.4562', '0000-00-00', 'PU_CLERK', '3100.00', NULL, '114', '30'),
('116', 'Shelli', 'Baida', 'SBAIDA', '515.127.4563', '0000-00-00', 'PU_CLERK', '2900.00', NULL, '114', '30'),
('117', 'Sigal', 'Tobias', 'STOBIAS', '515.127.4564', '0000-00-00', 'PU_CLERK', '2800.00', NULL, '114', '30'),
('118', 'Guy', 'Himuro', 'GHIMURO', '515.127.4565', '0000-00-00', 'PU_CLERK', '2600.00', NULL, '114', '30'),
('119', 'Karen', 'Colmenares', 'KCOLMENA', '515.127.4566', '0000-00-00', 'PU_CLERK', '2500.00', NULL, '114', '30'),
('120', 'Matthew', 'Weiss', 'MWEISS', '650.123.1234', '0000-00-00', 'ST_MAN', '8000.00', NULL, '100', '50'),
('121', 'Adam', 'Fripp', 'AFRIPP', '650.123.2234', '0000-00-00', 'ST_MAN', '8200.00', NULL, '100', '50'),
('122', 'Payam', 'Kaufling', 'PKAUFLIN', '650.123.3234', '0000-00-00', 'ST_MAN', '7900.00', NULL, '100', '50'),
('123', 'Shanta', 'Vollman', 'SVOLLMAN', '650.123.4234', '0000-00-00', 'ST_MAN', '6500.00', NULL, '100', '50'),
('124', 'Kevin', 'Mourgos', 'KMOURGOS', '650.123.5234', '0000-00-00', 'ST_MAN', '5800.00', NULL, '100', '50'),
('125', 'Julia', 'Nayer', 'JNAYER', '650.124.1214', '0000-00-00', 'ST_CLERK', '3200.00', NULL, '120', '50'),
('126', 'Irene', 'Mikkilineni', 'IMIKKILI', '650.124.1224', '0000-00-00', 'ST_CLERK', '2700.00', NULL, '120', '50'),
('127', 'James', 'Landry', 'JLANDRY', '650.124.1334', '0000-00-00', 'ST_CLERK', '2400.00', NULL, '120', '50'),
('128', 'Steven', 'Markle', 'SMARKLE', '650.124.1434', '0000-00-00', 'ST_CLERK', '2200.00', NULL, '120', '50'),
('129', 'Laura', 'Bissot', 'LBISSOT', '650.124.5234', '0000-00-00', 'ST_CLERK', '3300.00', NULL, '121', '50'),
('130', 'Mozhe', 'Atkinson', 'MATKINSO', '650.124.6234', '0000-00-00', 'ST_CLERK', '2800.00', NULL, '121', '50'),
('131', 'James', 'Marlow', 'JAMRLOW', '650.124.7234', '0000-00-00', 'ST_CLERK', '2500.00', NULL, '121', '50'),
('132', 'TJ', 'Olson', 'TJOLSON', '650.124.8234', '0000-00-00', 'ST_CLERK', '2100.00', NULL, '121', '50'),
('133', 'Jason', 'Mallin', 'JMALLIN', '650.127.1934', '0000-00-00', 'ST_CLERK', '3300.00', NULL, '122', '50'),
('134', 'Michael', 'Rogers', 'MROGERS', '650.127.1834', '0000-00-00', 'ST_CLERK', '2900.00', NULL, '122', '50'),
('135', 'Ki', 'Gee', 'KGEE', '650.127.1734', '0000-00-00', 'ST_CLERK', '2400.00', NULL, '122', '50'),
('136', 'Hazel', 'Philtanker', 'HPHILTAN', '650.127.1634', '0000-00-00', 'ST_CLERK', '2200.00', NULL, '122', '50'),
('137', 'Renske', 'Ladwig', 'RLADWIG', '650.121.1234', '0000-00-00', 'ST_CLERK', '3600.00', NULL, '123', '50'),
('138', 'Stephen', 'Stiles', 'SSTILES', '650.121.2034', '0000-00-00', 'ST_CLERK', '3200.00', NULL, '123', '50'),
('139', 'John', 'Seo', 'JSEO', '650.121.2019', '0000-00-00', 'ST_CLERK', '2700.00', NULL, '123', '50'),
('140', 'Joshua', 'Patel', 'JPATEL', '650.121.1834', '0000-00-00', 'ST_CLERK', '2500.00', NULL, '123', '50'),
('141', 'Trenna', 'Rajs', 'TRAJS', '650.121.8009', '0000-00-00', 'ST_CLERK', '3500.00', NULL, '124', '50'),
('142', 'Curtis', 'Davies', 'CDAVIES', '650.121.2994', '0000-00-00', 'ST_CLERK', '3100.00', NULL, '124', '50'),
('143', 'Randall', 'Matos', 'RMATOS', '650.121.2874', '0000-00-00', 'ST_CLERK', '2600.00', NULL, '124', '50'),
('144', 'Peter', 'Vargas', 'PVARGAS', '650.121.2004', '0000-00-00', 'ST_CLERK', '2500.00', NULL, '124', '50'),
('145', 'John', 'Russell', 'JRUSSEL', '011.44.1344.429268', '0000-00-00', 'SA_MAN', '14000.00', '0.40', '100', '80'),
('146', 'Karen', 'Partners', 'KPARTNER', '011.44.1344.467268', '0000-00-00', 'SA_MAN', '13500.00', '0.30', '100', '80'),
('147', 'Alberto', 'Errazuriz', 'AERRAZUR', '011.44.1344.429278', '0000-00-00', 'SA_MAN', '12000.00', '0.30', '100', '80'),
('148', 'Gerald', 'Cambrault', 'GCAMBRAU', '011.44.1344.619268', '0000-00-00', 'SA_MAN', '11000.00', '0.30', '100', '80'),
('149', 'Eleni', 'Zlotkey', 'EZLOTKEY', '011.44.1344.429018', '0000-00-00', 'SA_MAN', '10500.00', '0.20', '100', '80'),
('150', 'Peter', 'Tucker', 'PTUCKER', '011.44.1344.129268', '0000-00-00', 'SA_REP', '10000.00', '0.30', '145', '80'),
('151', 'David', 'Bernstein', 'DBERNSTE', '011.44.1344.345268', '0000-00-00', 'SA_REP', '9500.00', '0.25', '145', '80'),
('152', 'Peter', 'Hall', 'PHALL', '011.44.1344.478968', '0000-00-00', 'SA_REP', '9000.00', '0.25', '145', '80'),
('153', 'Christopher', 'Olsen', 'COLSEN', '011.44.1344.498718', '0000-00-00', 'SA_REP', '8000.00', '0.20', '145', '80'),
('154', 'Nanette', 'Cambrault', 'NCAMBRAU', '011.44.1344.987668', '0000-00-00', 'SA_REP', '7500.00', '0.20', '145', '80'),
('155', 'Oliver', 'Tuvault', 'OTUVAULT', '011.44.1344.486508', '0000-00-00', 'SA_REP', '7000.00', '0.15', '145', '80'),
('156', 'Janette', 'King', 'JKING', '011.44.1345.429268', '0000-00-00', 'SA_REP', '10000.00', '0.35', '146', '80'),
('157', 'Patrick', 'Sully', 'PSULLY', '011.44.1345.929268', '0000-00-00', 'SA_REP', '9500.00', '0.35', '146', '80'),
('158', 'Allan', 'McEwen', 'AMCEWEN', '011.44.1345.829268', '0000-00-00', 'SA_REP', '9000.00', '0.35', '146', '80'),
('159', 'Lindsey', 'Smith', 'LSMITH', '011.44.1345.729268', '0000-00-00', 'SA_REP', '8000.00', '0.30', '146', '80'),
('160', 'Louise', 'Doran', 'LDORAN', '011.44.1345.629268', '0000-00-00', 'SA_REP', '7500.00', '0.30', '146', '80'),
('161', 'Sarath', 'Sewall', 'SSEWALL', '011.44.1345.529268', '0000-00-00', 'SA_REP', '7000.00', '0.25', '146', '80'),
('162', 'Clara', 'Vishney', 'CVISHNEY', '011.44.1346.129268', '0000-00-00', 'SA_REP', '10500.00', '0.25', '147', '80'),
('163', 'Danielle', 'Greene', 'DGREENE', '011.44.1346.229268', '0000-00-00', 'SA_REP', '9500.00', '0.15', '147', '80'),
('164', 'Mattea', 'Marvins', 'MMARVINS', '011.44.1346.329268', '0000-00-00', 'SA_REP', '7200.00', '0.10', '147', '80'),
('165', 'David', 'Lee', 'DLEE', '011.44.1346.529268', '0000-00-00', 'SA_REP', '6800.00', '0.10', '147', '80'),
('166', 'Sundar', 'Ande', 'SANDE', '011.44.1346.629268', '0000-00-00', 'SA_REP', '6400.00', '0.10', '147', '80'),
('167', 'Amit', 'Banda', 'ABANDA', '011.44.1346.729268', '0000-00-00', 'SA_REP', '6200.00', '0.10', '147', '80'),
('168', 'Lisa', 'Ozer', 'LOZER', '011.44.1343.929268', '0000-00-00', 'SA_REP', '11500.00', '0.25', '148', '80'),
('169', 'Harrison', 'Bloom', 'HBLOOM', '011.44.1343.829268', '0000-00-00', 'SA_REP', '10000.00', '0.20', '148', '80'),
('170', 'Tayler', 'Fox', 'TFOX', '011.44.1343.729268', '0000-00-00', 'SA_REP', '9600.00', '0.20', '148', '80'),
('171', 'William', 'Smith', 'WSMITH', '011.44.1343.629268', '0000-00-00', 'SA_REP', '7400.00', '0.15', '148', '80'),
('172', 'Elizabeth', 'Bates', 'EBATES', '011.44.1343.529268', '0000-00-00', 'SA_REP', '7300.00', '0.15', '148', '80'),
('173', 'Sundita', 'Kumar', 'SKUMAR', '011.44.1343.329268', '0000-00-00', 'SA_REP', '6100.00', '0.10', '148', '80'),
('174', 'Ellen', 'Abel', 'EABEL', '011.44.1644.429267', '0000-00-00', 'SA_REP', '11000.00', '0.30', '149', '80'),
('175', 'Alyssa', 'Hutton', 'AHUTTON', '011.44.1644.429266', '0000-00-00', 'SA_REP', '8800.00', '0.25', '149', '80'),
('176', 'Jonathon', 'Taylor', 'JTAYLOR', '011.44.1644.429265', '0000-00-00', 'SA_REP', '8600.00', '0.20', '149', '80'),
('177', 'Jack', 'Livingston', 'JLIVINGS', '011.44.1644.429264', '0000-00-00', 'SA_REP', '8400.00', '0.20', '149', '80'),
('178', 'Kimberely', 'Grant', 'KGRANT', '011.44.1644.429263', '0000-00-00', 'SA_REP', '7000.00', '0.15', '149', NULL),
('179', 'Charles', 'Johnson', 'CJOHNSON', '011.44.1644.429262', '0000-00-00', 'SA_REP', '6200.00', '0.10', '149', '80'),
('180', 'Winston', 'Taylor', 'WTAYLOR', '650.507.9876', '0000-00-00', 'SH_CLERK', '3200.00', NULL, '120', '50'),
('181', 'Jean', 'Fleaur', 'JFLEAUR', '650.507.9877', '0000-00-00', 'SH_CLERK', '3100.00', NULL, '120', '50'),
('182', 'Martha', 'Sullivan', 'MSULLIVA', '650.507.9878', '0000-00-00', 'SH_CLERK', '2500.00', NULL, '120', '50'),
('183', 'Girard', 'Geoni', 'GGEONI', '650.507.9879', '0000-00-00', 'SH_CLERK', '2800.00', NULL, '120', '50'),
('184', 'Nandita', 'Sarchand', 'NSARCHAN', '650.509.1876', '0000-00-00', 'SH_CLERK', '4200.00', NULL, '121', '50'),
('185', 'Alexis', 'Bull', 'ABULL', '650.509.2876', '0000-00-00', 'SH_CLERK', '4100.00', NULL, '121', '50'),
('186', 'Julia', 'Dellinger', 'JDELLING', '650.509.3876', '0000-00-00', 'SH_CLERK', '3400.00', NULL, '121', '50'),
('187', 'Anthony', 'Cabrio', 'ACABRIO', '650.509.4876', '0000-00-00', 'SH_CLERK', '3000.00', NULL, '121', '50'),
('188', 'Kelly', 'Chung', 'KCHUNG', '650.505.1876', '0000-00-00', 'SH_CLERK', '3800.00', NULL, '122', '50'),
('189', 'Jennifer', 'Dilly', 'JDILLY', '650.505.2876', '0000-00-00', 'SH_CLERK', '3600.00', NULL, '122', '50'),
('190', 'Timothy', 'Gates', 'TGATES', '650.505.3876', '0000-00-00', 'SH_CLERK', '2900.00', NULL, '122', '50'),
('191', 'Randall', 'Perkins', 'RPERKINS', '650.505.4876', '0000-00-00', 'SH_CLERK', '2500.00', NULL, '122', '50'),
('192', 'Sarah', 'Bell', 'SBELL', '650.501.1876', '0000-00-00', 'SH_CLERK', '4000.00', NULL, '123', '50'),
('193', 'Britney', 'Everett', 'BEVERETT', '650.501.2876', '0000-00-00', 'SH_CLERK', '3900.00', NULL, '123', '50'),
('194', 'Samuel', 'McCain', 'SMCCAIN', '650.501.3876', '0000-00-00', 'SH_CLERK', '3200.00', NULL, '123', '50'),
('195', 'Vance', 'Jones', 'VJONES', '650.501.4876', '0000-00-00', 'SH_CLERK', '2800.00', NULL, '123', '50'),
('196', 'Alana', 'Walsh', 'AWALSH', '650.507.9811', '0000-00-00', 'SH_CLERK', '3100.00', NULL, '124', '50'),
('197', 'Kevin', 'Feeney', 'KFEENEY', '650.507.9822', '0000-00-00', 'SH_CLERK', '3000.00', NULL, '124', '50'),
('198', 'Donald', 'OConnell', 'DOCONNEL', '650.507.9833', '0000-00-00', 'SH_CLERK', '2600.00', NULL, '124', '50'),
('199', 'Douglas', 'Grant', 'DGRANT', '650.507.9844', '0000-00-00', 'SH_CLERK', '2600.00', NULL, '124', '50');

-- --------------------------------------------------------

--
-- Table structure for table `jobs`
--

CREATE TABLE `jobs` (
  `job_id` varchar(10) NOT NULL,
  `job_title` varchar(35) DEFAULT NULL,
  `min_salary` decimal(6,0) DEFAULT NULL,
  `max_salary` decimal(6,0) DEFAULT NULL
) ENGINE=InnoDB DEFAULT CHARSET=utf8;

--
-- Dumping data for table `jobs`
--

INSERT INTO `jobs` (`job_id`, `job_title`, `min_salary`, `max_salary`) VALUES
('AC_ACCOUNT', 'Public Accountant', '4200', '9000'),
('AC_MGR', 'Accounting Manager', '8200', '16000'),
('AD_ASST', 'Administration Assistant', '3000', '6000'),
('AD_PRES', 'President', '20080', '40000'),
('AD_VP', 'Administration Vice President', '15000', '30000'),
('FI_ACCOUNT', 'Accountant', '4200', '9000'),
('FI_MGR', 'Finance Manager', '8200', '16000'),
('HR_REP', 'Human Resources Representative', '4000', '9000'),
('IT_PROG', 'Programmer', '4000', '10000'),
('MK_MAN', 'Marketing Manager', '9000', '15000'),
('MK_REP', 'Marketing Representative', '4000', '9000'),
('PR_REP', 'Public Relations Representative', '4500', '10500'),
('PU_CLERK', 'Purchasing Clerk', '2500', '5500'),
('PU_MAN', 'Purchasing Manager', '8000', '15000'),
('SA_MAN', 'Sales Manager', '10000', '20080'),
('SA_REP', 'Sales Representative', '6000', '12008'),
('SH_CLERK', 'Shipping Clerk', '2500', '5500'),
('ST_CLERK', 'Stock Clerk', '2008', '5000'),
('ST_MAN', 'Stock Manager', '5500', '8500');

-- --------------------------------------------------------

--
-- Table structure for table `job_history`
--

CREATE TABLE `job_history` (
  `employee_id` decimal(6,0) NOT NULL,
  `start_date` date DEFAULT NULL,
  `end_date` date DEFAULT NULL,
  `job_id` varchar(10) DEFAULT NULL,
  `department_id` decimal(4,0) DEFAULT NULL
) ENGINE=InnoDB DEFAULT CHARSET=utf8;

--
-- Dumping data for table `job_history`
--

INSERT INTO `job_history` (`employee_id`, `start_date`, `end_date`, `job_id`, `department_id`) VALUES
('102', '0000-00-00', '0000-00-00', 'IT_PROG', '60'),
('101', '0000-00-00', '0000-00-00', 'AC_ACCOUNT', '110'),
('101', '0000-00-00', '0000-00-00', 'AC_MGR', '110'),
('196', '0000-00-00', '0000-00-00', 'MK_REP', '20'),
('114', '0000-00-00', '0000-00-00', 'ST_CLERK', '50'),
('122', '0000-00-00', '0000-00-00', 'ST_CLERK', '50'),
('180', '0000-00-00', '0000-00-00', 'AD_ASST', '90'),
('176', '0000-00-00', '0000-00-00', 'SA_REP', '80'),
('176', '0000-00-00', '0000-00-00', 'SA_MAN', '80'),
('190', '0000-00-00', '0000-00-00', 'AC_ACCOUNT', '90');

-- --------------------------------------------------------

--
-- Table structure for table `locations`
--

CREATE TABLE `locations` (
  `location_id` decimal(4,0) NOT NULL,
  `street_address` varchar(40) DEFAULT NULL,
  `postal_code` varchar(12) DEFAULT NULL,
  `city` varchar(30) DEFAULT NULL,
  `state_province` varchar(25) DEFAULT NULL,
  `country_id` char(2) NOT NULL
) ENGINE=InnoDB DEFAULT CHARSET=utf8;

--
-- Dumping data for table `locations`
--

INSERT INTO `locations` (`location_id`, `street_address`, `postal_code`, `city`, `state_province`, `country_id`) VALUES
('1000', '1297 Via Cola di Rie', '989', 'Roma', NULL, 'IT'),
('1100', '93091 Calle della Testa', '10934', 'Venice', NULL, 'IT'),
('1200', '2017 Shinjuku-ku', '1689', 'Tokyo', 'Tokyo Prefecture', 'JP'),
('1300', '9450 Kamiya-cho', '6823', 'Hiroshima', NULL, 'JP'),
('1400', '2014 Jabberwocky Rd', '26192', 'Southlake', 'Texas', 'US'),
('1500', '2011 Interiors Blvd', '99236', 'South San Francisco', 'California', 'US'),
('1600', '2007 Zagora St', '50090', 'South Brunswick', 'New Jersey', 'US'),
('1700', '2004 Charade Rd', '98199', 'Seattle', 'Washington', 'US'),
('1800', '147 Spadina Ave', 'M5V 2L7', 'Toronto', 'Ontario', 'CA'),
('1900', '6092 Boxwood St', 'YSW 9T2', 'Whitehorse', 'Yukon', 'CA'),
('2000', '40-5-12 Laogianggen', '190518', 'Beijing', NULL, 'CN'),
('2100', '1298 Vileparle (E)', '490231', 'Bombay', 'Maharashtra', 'IN'),
('2200', '12-98 Victoria Street', '2901', 'Sydney', 'New South Wales', 'AU'),
('2300', '198 Clementi North', '540198', 'Singapore', NULL, 'SG'),
('2400', '8204 Arthur St', NULL, 'London', NULL, 'UK'),
('2500', 'Magdalen Centre, The Oxford Science Park', 'OX9 9ZB', 'Oxford', 'Oxford', 'UK'),
('2600', '9702 Chester Road', '9629850293', 'Stretford', 'Manchester', 'UK'),
('2700', 'Schwanthalerstr. 7031', '80925', 'Munich', 'Bavaria', 'DE'),
('2800', 'Rua Frei Caneca 1360', '01307-002', 'Sao Paulo', 'Sao Paulo', 'BR'),
('2900', '20 Rue des Corps-Saints', '1730', 'Geneva', 'Geneve', 'CH'),
('3000', 'Murtenstrasse 921', '3095', 'Bern', 'BE', 'CH'),
('3100', 'Pieter Breughelstraat 837', '3029SK', 'Utrecht', 'Utrecht', 'NL'),
('3200', 'Mariano Escobedo 9991', '11932', 'Mexico City', 'Distrito Federal', 'MX');

-- --------------------------------------------------------

--
-- Table structure for table `regions`
--

CREATE TABLE `regions` (
  `region_id` decimal(22,0) NOT NULL,
  `region_name` varchar(25) DEFAULT NULL
) ENGINE=InnoDB DEFAULT CHARSET=utf8;

--
-- Dumping data for table `regions`
--

INSERT INTO `regions` (`region_id`, `region_name`) VALUES
('1', 'Europe'),
('2', 'Americas'),
('3', 'Asia'),
('4', 'Middle East and Africa');

--
-- Indexes for dumped tables
--

--
-- Indexes for table `countries`
--
ALTER TABLE `countries`
  ADD PRIMARY KEY (`country_id`),
  ADD KEY `region_id` (`region_id`);

--
-- Indexes for table `departments`
--
ALTER TABLE `departments`
  ADD PRIMARY KEY (`department_id`),
  ADD KEY `location_id` (`location_id`);

--
-- Indexes for table `employees`
--
ALTER TABLE `employees`
  ADD PRIMARY KEY (`employee_id`),
  ADD KEY `job_id` (`job_id`),
  ADD KEY `manager_id` (`manager_id`),
  ADD KEY `department_id` (`department_id`);

--
-- Indexes for table `jobs`
--
ALTER TABLE `jobs`
  ADD PRIMARY KEY (`job_id`);

--
-- Indexes for table `job_history`
--
ALTER TABLE `job_history`
  ADD KEY `employee_id` (`employee_id`),
  ADD KEY `department_id` (`department_id`),
  ADD KEY `job_id` (`job_id`);

--
-- Indexes for table `locations`
--
ALTER TABLE `locations`
  ADD PRIMARY KEY (`location_id`),
  ADD KEY `country_id` (`country_id`);

--
-- Indexes for table `regions`
--
ALTER TABLE `regions`
  ADD PRIMARY KEY (`region_id`);

--
-- Constraints for dumped tables
--

--
-- Constraints for table `countries`
--
ALTER TABLE `countries`
  ADD CONSTRAINT `countries_ibfk_1` FOREIGN KEY (`region_id`) REFERENCES `regions` (`region_id`);

--
-- Constraints for table `departments`
--
ALTER TABLE `departments`
  ADD CONSTRAINT `departments_ibfk_1` FOREIGN KEY (`location_id`) REFERENCES `locations` (`location_id`);

--
-- Constraints for table `employees`
--
ALTER TABLE `employees`
  ADD CONSTRAINT `employees_ibfk_1` FOREIGN KEY (`job_id`) REFERENCES `jobs` (`job_id`),
  ADD CONSTRAINT `employees_ibfk_2` FOREIGN KEY (`manager_id`) REFERENCES `employees` (`employee_id`),
  ADD CONSTRAINT `employees_ibfk_3` FOREIGN KEY (`department_id`) REFERENCES `departments` (`department_id`);

--
-- Constraints for table `job_history`
--
ALTER TABLE `job_history`
  ADD CONSTRAINT `job_history_ibfk_1` FOREIGN KEY (`employee_id`) REFERENCES `employees` (`employee_id`),
  ADD CONSTRAINT `job_history_ibfk_2` FOREIGN KEY (`department_id`) REFERENCES `departments` (`department_id`),
  ADD CONSTRAINT `job_history_ibfk_3` FOREIGN KEY (`job_id`) REFERENCES `jobs` (`job_id`);

--
-- Constraints for table `locations`
--
ALTER TABLE `locations`
  ADD CONSTRAINT `locations_ibfk_1` FOREIGN KEY (`country_id`) REFERENCES `countries` (`country_id`);
COMMIT;

/*!40101 SET CHARACTER_SET_CLIENT=@OLD_CHARACTER_SET_CLIENT */;
/*!40101 SET CHARACTER_SET_RESULTS=@OLD_CHARACTER_SET_RESULTS */;
/*!40101 SET COLLATION_CONNECTION=@OLD_COLLATION_CONNECTION */;
